datetime,headline,url,sentiment
Aug-15-25 Today 09:00AM,Opendoor Announces CEO Search in Support of Next Phase of Growth and Innovation,https://finance.yahoo.com/news/opendoor-announces-ceo-search-support-130000667.html,Positive
2025-08-15 08:39:00,"When workers lives outside work are more fulfilling, it benefits employers too",https://finance.yahoo.com/m/6f4c4684-8616-383a-a063-18c0652046ef/when-workers%E2%80%99-lives-outside.html,Neutral
2025-08-15 08:25:00,Buy 5 Mobile Payments Stocks and Hold for Long Term to Reap Benefits,https://finviz.com/news/141812/buy-5-mobile-payments-stocks-and-hold-for-long-term-to-reap-benefits,Positive
2025-08-15 08:00:00,Buy Big Tech Stock INTU On the Dip Now Before Earnings,https://finviz.com/news/141769/buy-big-tech-stock-intu-on-the-dip-now-before-earnings,Positive
2025-08-15 06:00:00,Smart AI Invoicing Agent (2025): QuickBooks Awarded Best AI-Powered Invoicing Tool by Better Business Advice,https://finance.yahoo.com/news/smart-ai-invoicing-agent-2025-100000305.html,Positive
2025-08-15 00:40:00,1 Safe-and-Steady Stock with Competitive Advantages and 2 That Underwhelm,https://finviz.com/news/141627/1-safe-and-steady-stock-with-competitive-advantages-and-2-that-underwhelm,Positive
2025-08-14 15:00:00,Next-Gen AI Payroll Agent (2025): QuickBooks Named Top AI Payroll Solution for Small Businesses by Software Experts,https://finance.yahoo.com/news/next-gen-ai-payroll-agent-190000015.html,Neutral
2025-08-14 11:02:00,CDNS Stock Gains 25% in a Year: Stay Invested or Book Profits?,https://finviz.com/news/140926/cdns-stock-gains-25-in-a-year-stay-invested-or-book-profits,Neutral
2025-08-14 10:02:00,LA Olympics to sell naming rights to some venues in game-changing deal for 2028,https://finance.yahoo.com/news/la-olympics-sell-naming-rights-140246177.html,Neutral
2025-08-14 08:00:00,Here are the 3 top tax mistakes that cost US retirees thousands  and almost every older American makes them,https://finance.yahoo.com/news/3-top-tax-mistakes-cost-120000364.html,Negative
2025-08-13 11:12:00,"Snowflake, Datadog show strong July growth, MongoDB stabilizes",https://finance.yahoo.com/news/snowflake-datadog-show-strong-july-151229306.html,Positive
2025-08-13 08:23:00,"The Zacks Analyst Blog Highlights Bank of America, Roche, Intuit and TSS",https://finviz.com/news/139142/the-zacks-analyst-blog-highlights-bank-of-america-roche-intuit-and-tss,Neutral
2025-08-13 00:29:00,Oppenheimer Raises PT on Intuit Inc. (INTU) to $868; Maintains 'Outperform' Rating,https://finviz.com/news/137682/oppenheimer-raises-pt-on-intuit-inc-intu-to-868-maintains-outperform-rating,Positive
2025-08-12 15:44:00,Exa Capital Named to the 2025 Inc. 5000 List of Americas Fastest-Growing Private Companies,https://finance.yahoo.com/news/exa-capital-named-2025-inc-194400467.html,Neutral
2025-08-12 14:57:00,"Top Research Reports for Bank of America, Roche & Intuit",https://finviz.com/news/137336/top-research-reports-for-bank-of-america-roche-intuit,Neutral
2025-08-12 10:02:00,Reputation Rhino Named to 2025 Inc. 5000 List Recognizing Rapid Revenue Growth and Industry Leadership,https://finance.yahoo.com/news/reputation-rhino-named-2025-inc-140200409.html,Positive
2025-08-12 09:25:00,SearchStax Named to the 2025 Inc. 5000 List of Americas Fastest-Growing Private Companies,https://finance.yahoo.com/news/searchstax-named-2025-inc-5000-132500779.html,Neutral
2025-08-12 08:52:00,Software stocks in Europe fall on concerns over AI pitfalls,https://finance.yahoo.com/news/software-stocks-europe-fall-concerns-125255954.html,Negative
2025-08-12 08:40:00,Sanderson Firm Ranked #92 on the 2025 Inc. 5000 List of Fastest-Growing Companies in America,https://finance.yahoo.com/news/sanderson-firm-ranked-92-2025-124000736.html,Neutral
2025-08-12 08:39:00,Response Labs Named to Inc. 5000 America's Fastest-Growing Private Companies list for the Fourth Straight Year,https://finance.yahoo.com/news/response-labs-named-inc-5000-123900889.html,Positive
2025-08-12 07:05:00,Copyleaks Ranks No.153 on the 2025 Inc. 5000 List of Americas Fastest-Growing Private Companies,https://finance.yahoo.com/news/copyleaks-ranks-no-153-2025-110500166.html,Neutral
2025-08-12 07:00:00,"Accrete, Inc. Debuts on the 2025 Inc. 5000 List, Among America's Fastest-Growing Private Companies",https://finance.yahoo.com/news/accrete-inc-debuts-2025-inc-110000636.html,Neutral
2025-08-11 17:45:00,Intuit (INTU) Declines More Than Market: Some Information for Investors,https://finviz.com/news/135796/intuit-intu-declines-more-than-market-some-information-for-investors,Negative
2025-08-11 07:43:00,"Take the Zacks Approach to Beat the Markets: Digi Power X, RF Industries & Starbucks in Focus",https://finviz.com/news/134958/take-the-zacks-approach-to-beat-the-markets-digi-power-x-rf-industries-starbucks-in-focus,Neutral
2025-08-08 15:57:00,Figmas $21 Billion Drop Returns Stock to Earth After IPO Frenzy,https://finance.yahoo.com/news/figma-21-billion-drop-returns-195754034.html,Neutral
2025-08-08 15:40:00,2 Cash-Producing Stocks for Long-Term Investors and 1 We Brush Off,https://finviz.com/news/134066/2-cash-producing-stocks-for-long-term-investors-and-1-we-brush-off,Neutral
2025-08-08 05:30:00,"Best AI Marketing Tools (2025): QuickBooks to Launch Campaign Automation via Mailchimp, Named Top Marketing Solution by Better Business Advice",https://finance.yahoo.com/news/best-ai-marketing-tools-2025-093000989.html,Positive
2025-08-07 18:10:00,QuinStreet (QNST) Q4 Earnings Lag Estimates,https://finviz.com/news/132968/quinstreet-qnst-q4-earnings-lag-estimates,Negative
2025-08-07 09:00:00,Is Trending Stock Intuit Inc. (INTU) a Buy Now?,https://finviz.com/news/131897/is-trending-stock-intuit-inc-intu-a-buy-now,Positive
2025-08-07 01:18:00,AI Accounting Just Got Smarter: Better Business Advice Breaks Down QuickBooks' Task-Focused Agents,https://finance.yahoo.com/news/ai-accounting-just-got-smarter-051800427.html,Positive
2025-08-06 14:54:00,Here's Americans' Favorite Tax-Prep Service. It Isn't the Biggest.,https://www.barrons.com/advisor/articles/taxslayer-best-tax-prep-service-03cf4ec1?mod=bar_FV,Neutral
2025-08-04 17:45:00,Intuit (INTU) Ascends But Remains Behind Market: Some Facts to Note,https://finviz.com/news/127162/intuit-intu-ascends-but-remains-behind-market-some-facts-to-note,Neutral
2025-08-04 14:16:00,HireRight Appoints Jim Desmond as Chief Information Security Officer,https://finance.yahoo.com/news/hireright-appoints-jim-desmond-chief-181600102.html,Neutral
2025-08-04 05:26:00,"The Zacks Analyst Blog Highlights Adobe, Disney, Intuit, Rollins and Johnson & Johnson",https://finviz.com/news/125928/the-zacks-analyst-blog-highlights-adobe-disney-intuit-rollins-and-johnson-johnson,Neutral
2025-08-04 00:42:00,3 Market-Beating Stocks to Consider Right Now,https://finviz.com/news/125798/3-market-beating-stocks-to-consider-right-now,Neutral
2025-08-01 09:30:00,Brokers Suggest Investing in Intuit (INTU): Read This Before Placing a Bet,https://finviz.com/news/124688/brokers-suggest-investing-in-intuit-intu-read-this-before-placing-a-bet,Neutral
2025-08-01 07:15:00,Buy 5 Wide Moat Stocks to Enhance Your Portfolio Returns,https://finviz.com/news/124411/buy-5-wide-moat-stocks-to-enhance-your-portfolio-returns,Positive
2025-07-31 18:05:00,Pros Holdings (PRO) Beats Q2 Earnings and Revenue Estimates,https://finviz.com/news/123941/pros-holdings-pro-beats-q2-earnings-and-revenue-estimates,Positive
2025-07-31 16:00:00,Intuit to Announce Fourth-Quarter and Full-Year Fiscal 2025 Results on Aug. 21; Investor Day Set for Sep. 18,https://www.businesswire.com/news/home/20250731408556/en,Neutral
2025-07-30 10:09:00,Most firms still grappling with accounting talent crunch,https://finance.yahoo.com/m/1e241c4e-0b77-377e-8d7b-2e64d1cdceac/most-firms-still-grappling.html,Negative
2025-07-30 08:30:00,"Accountants Embrace AI and Strategic Advisory Services to Fuel Growth, Yet Continue to Face Tech and Talent Barriers, According to 2025 Intuit QuickBooks Survey",https://www.businesswire.com/news/home/20250730613391/en,Positive
2025-07-29 09:30:00,iBusiness Funding and Intuit Collaborate on Adding Access to SBA Financing Options from Approved SBA Lenders for Small Businesses,https://finance.yahoo.com/news/ibusiness-funding-intuit-collaborate-adding-133000173.html,Neutral
2025-07-29 06:30:00,QuickBooks' New AI Agents Explained: What Each One Does - Expert Consumers Report,https://finance.yahoo.com/news/quickbooks-ai-agents-explained-one-103000261.html,Neutral
2025-07-29 05:14:00,Intuit Launches Intelligent Automations to Simplify Accounting for Businesses,https://www.businesswire.com/news/home/20250729172197/en,Positive
2025-07-28 17:45:00,Intuit (INTU) Exceeds Market Returns: Some Facts to Consider,https://finviz.com/news/117983/intuit-intu-exceeds-market-returns-some-facts-to-consider,Positive
2025-07-28 08:41:00,"Take the Zacks Approach to Beat the Markets: AngloGold Ashanti, Caterpillar & Hershey in Focus",https://finviz.com/news/117186/take-the-zacks-approach-to-beat-the-markets-anglogold-ashanti-caterpillar-hershey-in-focus,Neutral
2025-07-28 08:30:00,Intuit Launches New App Partner Program to Drive Growth for Third-Party Developers and Enhance Customer Experiences,https://www.businesswire.com/news/home/20250728896195/en/,Positive
2025-07-25 13:07:00,SS&C Technologies Stock Earns IBD Rating Upgrade,https://finance.yahoo.com/m/0eeac8e3-5b50-3f9c-8e30-5955bcf1e28d/ss%26c-technologies-stock-earns.html,Neutral
2025-07-25 04:01:00,Intuits Quarterly Earnings Preview: What You Need to Know,https://finance.yahoo.com/m/be830c0f-797e-3693-ad5a-4fceee31e623/intuit%E2%80%99s-quarterly-earnings.html,Neutral
2025-07-25 00:02:00,2 Reasons to Like INTU and 1 to Stay Skeptical,https://finviz.com/news/115475/2-reasons-to-like-intu-and-1-to-stay-skeptical,Negative
2025-07-24 15:28:00,Intuit Inc. (INTU): A Bull Case Theory,https://finviz.com/news/114600/intuit-inc-intu-a-bull-case-theory,Neutral
2025-07-24 09:00:00,Intuit Inc. (INTU) is Attracting Investor Attention: Here is What You Should Know,https://finviz.com/news/113940/intuit-inc-intu-is-attracting-investor-attention-here-is-what-you-should-know,Neutral
2025-07-24 06:00:00,QuickBooks AI Features (2025): QuickBooks Awarded Best AI-Powered Accounting Features in Report by Software Experts,https://finance.yahoo.com/news/quickbooks-ai-features-2025-quickbooks-100000396.html,Neutral
2025-07-23 13:25:00,BILL vs. Intuit: Which Fintech Powerhouse Stock Is the Smarter Buy?,https://finviz.com/news/112764/bill-vs-intuit-which-fintech-powerhouse-stock-is-the-smarter-buy,Positive
2025-07-23 10:12:00,Enterprise Suite and Agentic AI: Can Intuit Win Mid-Market?,https://finviz.com/news/112520/enterprise-suite-and-agentic-ai-can-intuit-win-mid-market,Positive
2025-07-22 22:46:00,AI Bookkeeping Software (2025): QuickBooks Named Leading AI Bookkeeping Solution in Report by Expert Consumers,https://finance.yahoo.com/news/ai-bookkeeping-software-2025-quickbooks-024600254.html,Neutral
2025-07-22 09:45:00,Here's Why Intuit (INTU) is a Strong Growth Stock,https://finviz.com/news/110833/heres-why-intuit-intu-is-a-strong-growth-stock,Positive
2025-07-22 08:30:00,Intuit Launches New Agentic AI Experiences and Financial Management Capabilities for Intuit Enterprise Suite to Drive Mid-Market Business Growth,https://www.businesswire.com/news/home/20250722258162/en,Positive
2025-07-22 00:53:00,Accounting Automation Tools (2025): QuickBooks Awarded Best Accounting Automation Solution in Report by Better Business Advice,https://finance.yahoo.com/news/accounting-automation-tools-2025-quickbooks-045300296.html,Positive
2025-07-22 00:34:00,2 Unpopular Stocks That Deserve a Second Chance and 1 We Find Risky,https://finviz.com/news/110700/2-unpopular-stocks-that-deserve-a-second-chance-and-1-we-find-risky,Negative
2025-07-21 17:50:00,Intuit (INTU) Outpaces Stock Market Gains: What You Should Know,https://finviz.com/news/109924/intuit-intu-outpaces-stock-market-gains-what-you-should-know,Positive
2025-07-21 15:57:00,"Top Stock Picks for Week of July 21, 2025",https://finviz.com/news/109847/top-stock-picks-for-week-of-july-21-2025,Positive
2025-07-21 10:27:00,15 stocks of companies set to grow sales twice as fast as the S&P 500 - analysts love them,https://www.marketwatch.com/story/15-stocks-of-companies-set-to-grow-sales-twice-as-fast-as-the-s-p-500-analysts-love-them-14b8fa2d?mod=mw_FV,Positive
2025-07-18 11:20:00,Can Intuit Sustain Its Growth Momentum With Bold AI Push?,https://finviz.com/news/108049/can-intuit-sustain-its-growth-momentum-with-bold-ai-push,Positive
2025-07-18 09:40:00,Are Computer and Technology Stocks Lagging  Intuit (INTU) This Year?,https://finviz.com/news/107892/are-computer-and-technology-stocks-lagging-intuit-intu-this-year,Negative
2025-07-17 13:32:00,OpenAI Hires Entire Team From AI Startup Backed By Shopify And Radical Ventures 'To Ensure AGI Benefits All Of Humanity',https://finance.yahoo.com/news/openai-hires-entire-team-ai-173208720.html,Positive
2025-07-17 12:39:00,Intuit Stock Rises 19.3% Year to Date: Still a Buy or Time to Wait?,https://finviz.com/news/106990/intuit-stock-rises-193-year-to-date-still-a-buy-or-time-to-wait,Positive
2025-07-17 09:18:00,BMO Capital Maintains 'Outperform' Rating on Intuit Inc. (INTU); Raises PT from $820 to $870,https://finviz.com/news/106482/bmo-capital-maintains-outperform-rating-on-intuit-inc-intu-raises-pt-from-820-to-870,Positive
2025-07-16 09:30:00,Is It Worth Investing in Intuit (INTU) Based on Wall Street's Bullish Views?,https://finviz.com/news/105353/is-it-worth-investing-in-intuit-intu-based-on-wall-streets-bullish-views,Positive
2025-07-15 10:16:00,Ansys Acquisition by Synopsys Clears Regulatory Hurdles Worldwide,https://finviz.com/news/104243/ansys-acquisition-by-synopsys-clears-regulatory-hurdles-worldwide,Negative
2025-07-15 08:31:00,Add These 4 Top-Ranked Liquid Stocks to Boost Portfolio Returns,https://finviz.com/news/103945/add-these-4-top-ranked-liquid-stocks-to-boost-portfolio-returns,Positive
2025-07-15 00:54:00,"Intuit (INTU) Layoffs Signal AI-Driven Efficiency, Says Mizuho",https://finviz.com/news/103456/intuit-intu-layoffs-signal-ai-driven-efficiency-says-mizuho,Neutral
2025-07-14 09:34:00,Nokia Expands Developer Access With APIs on Google Cloud Marketplace,https://finviz.com/news/102798/nokia-expands-developer-access-with-apis-on-google-cloud-marketplace,Positive
2025-07-14 09:06:00,"Take the Zacks Approach to Beat the Markets: Amarin, Mogo, 3M in Focus",https://finviz.com/news/102747/take-the-zacks-approach-to-beat-the-markets-amarin-mogo-3m-in-focus,Neutral
2025-07-14 09:05:00,Constant Contact Names Smita Wadhawan as Chief Marketing Officer,https://finance.yahoo.com/news/constant-contact-names-smita-wadhawan-130500886.html,Neutral
2025-07-14 06:34:00,Intuit (INTU) Price Target Raised to $870 at BMO Capital on AI and Tax Tailwinds,https://finance.yahoo.com/news/intuit-intu-price-target-raised-103438535.html,Positive
2025-07-11 16:18:00,Intuit Expands Its IDEAS Small Business Program Across Nine U.S. Cities,https://finance.yahoo.com/m/1e978e1b-b8fd-36ef-ace8-586d4c5f10bb/intuit-expands-its-ideas.html,Neutral
2025-07-11 15:00:00,Intuit & 2 Other Profitable Stocks to Buy for 2H25,https://finviz.com/news/101777/intuit-2-other-profitable-stocks-to-buy-for-2h25,Positive
2025-07-11 10:10:00,CDNS Gains 24% in Three Months: Where Will the Stock Head From Here?,https://finviz.com/news/101551/cdns-gains-24-in-three-months-where-will-the-stock-head-from-here,Positive
2025-07-11 08:53:00,"He Worked At Microsoft, Amperity And Apptio  Now His 9-Person Startup Just Sold Technology To Intuit To Transform Mid-Market Sales [CORRECTED]",https://finance.yahoo.com/news/worked-microsoft-amperity-apptio-now-120018798.html,Neutral
2025-07-10 11:53:00,Should You Hold BILL Holdings Stock Despite Its 44% YTD Decline?,https://finviz.com/news/100575/should-you-hold-bill-holdings-stock-despite-its-44-ytd-decline,Neutral
2025-07-10 10:01:00,Marketing Automation Market worth $81.01 billion by 2030- Exclusive Report by MarketsandMarkets,https://finance.yahoo.com/news/marketing-automation-market-worth-81-140100827.html,Neutral
2025-07-10 09:45:00,Three Strategic Moves Powering Intuit's Next Decade of Growth,https://finviz.com/news/100276/three-strategic-moves-powering-intuits-next-decade-of-growth,Positive
2025-07-10 09:00:00,Intuit Inc. (INTU) is Attracting Investor Attention: Here is What You Should Know,https://finviz.com/news/100268/intuit-inc-intu-is-attracting-investor-attention-here-is-what-you-should-know,Neutral
2025-07-10 06:00:00,Why Smart Investors Are Paying Attention to Intuit Stock,https://finviz.com/news/99806/why-smart-investors-are-paying-attention-to-intuit-stock,Neutral
2025-07-09 09:50:00,Blackbaud & Constant Contact Unveil Integration to Boost Fundraising,https://finviz.com/news/99291/blackbaud-constant-contact-unveil-integration-to-boost-fundraising,Positive
2025-07-09 09:00:00,Intuit Expands IDEAS Program Nationally: Applications Now Open for the Companys Award-Winning Business Accelerator,https://finance.yahoo.com/news/intuit-expands-ideas-program-nationally-130000789.html,Neutral
2025-07-09 08:39:00,Outliers Like Intuit Can Be Found Early,https://finance.yahoo.com/news/outliers-intuit-found-early-123923510.html,Neutral
2025-07-09 08:00:00,Previsible's Acquisition of Internet Marketing Ninjas Unites Two Leading SEO & AI Search Firms,https://finance.yahoo.com/news/previsibles-acquisition-internet-marketing-ninjas-120000483.html,Neutral
2025-07-08 16:00:00,What is vibe-based budgeting? Over half of Gen Zers and millennials are doing it,https://finance.yahoo.com/m/50e2abe1-d391-39ae-85d2-3ca01b60c96d/what-is-%E2%80%98vibe-based.html,Neutral
2025-07-08 12:27:00,BILL's Fee-Based Revenues Surge: Can Higher TPV Drive More Upside?,https://finviz.com/news/98289/bills-fee-based-revenues-surge-can-higher-tpv-drive-more-upside,Positive
2025-07-08 09:21:00,Descartes Launches FraudGuard 2.0 to Combat Freight and Cargo Fraud,https://finviz.com/news/98026/descartes-launches-fraudguard-20-to-combat-freight-and-cargo-fraud,Neutral
2025-07-07 09:11:00,Mizuho Keeps Outperform Rating on Intuit (INTU) After AI Agents Launch,https://finviz.com/news/96838/mizuho-keeps-outperform-rating-on-intuit-intu-after-ai-agents-launch,Positive
2025-07-07 07:11:00,5 Must-Buy Growth Stocks for July After an Impressive June,https://finviz.com/news/96761/5-must-buy-growth-stocks-for-july-after-an-impressive-june,Positive
2025-07-03 10:00:00,Writer CEO May Habib to take the AI Stage at TechCrunch Disrupt 2025,https://finance.yahoo.com/news/writer-ceo-may-habib-ai-140000043.html,Neutral
2025-07-02 13:42:00,How companies are rethinking their vetting of engineering candidates in the age of AI coding tools,https://finance.yahoo.com/news/companies-rethinking-vetting-engineering-candidates-174232842.html,Neutral
2025-07-02 10:26:00,"The Zacks Analyst Blog Highlights Jabil, Twilio, UiPath, Intuit, and Dell Technologies",https://finviz.com/news/94453/the-zacks-analyst-blog-highlights-jabil-twilio-uipath-intuit-and-dell-technologies,Neutral
2025-07-01 12:26:00,Intuit Launches AI Agents For QuickBooks Accounting Software,https://www.investors.com/news/technology/intuit-stock-ai-agents-quickbooks-software?mod=IBD_FV,Neutral
2025-07-01 12:16:00,"Here's AI's next explosive frontier for investors, according to BlackRock",https://www.marketwatch.com/story/heres-ais-next-explosive-frontier-for-investors-according-to-blackrock-f6d0acca?mod=mw_FV,Positive
2025-07-01 11:34:00,BILL Expands New Payment Services: Is There More Room for Growth?,https://finviz.com/news/93451/bill-expands-new-payment-services-is-there-more-room-for-growth,Positive
