datetime,headline,url
Aug-13-25 Today 09:46AM,"Stock Market Today: Dow Jones Index Rises But Nvidia-Backed CoreWeave, Cava Plunge On Earnings (Live Coverage)",https://finance.yahoo.com/m/844eac02-b10f-3c1d-b86b-208f399ab181/stock-market-today%3A-dow-jones.html
2025-08-12 13:39:00,Trump Selects EJ Antoni To Lead The Bureau Of Labor Statistics,https://finance.yahoo.com/news/trump-selects-ej-antoni-lead-173915703.html
2025-08-12 09:52:00,Stock Market Today: Dow Jones Rallies 200 Points On CPI Inflation Data; Tesla Pulls Back (Live Coverage),https://finance.yahoo.com/m/93e773ba-51a6-34e3-b6dc-82f3467148a1/stock-market-today%3A-dow-jones.html
2025-08-12 04:31:00,Is the Invesco QQQ Trust Your Ticket to Becoming a Millionaire?,https://finviz.com/news/136037/is-the-invesco-qqq-trust-your-ticket-to-becoming-a-millionaire
2025-08-11 15:56:00,Here Are Billionaire Ken Griffin's 5 Biggest Stock Holdings,https://finviz.com/news/135716/here-are-billionaire-ken-griffins-5-biggest-stock-holdings
2025-08-11 11:59:00,UBS Cuts Brent Outlook As Supply Stays Firm,https://finance.yahoo.com/news/ubs-cuts-brent-outlook-supply-155942709.html
2025-08-11 09:48:00,"Stock Market Today: Dow Rises But Nvidia, AMD Slip On AI Chip News (Live Coverage)",https://finance.yahoo.com/m/e2020f85-4acd-3b1e-ba61-a0a1e19394be/stock-market-today%3A-dow-rises.html
2025-08-11 09:09:00,"Stock Market Today: Dow Jones Futures Rise But Nvidia, AMD Fall On AI Chip News (Live Coverage)",https://finance.yahoo.com/m/e2020f85-4acd-3b1e-ba61-a0a1e19394be/stock-market-today%3A-dow-jones.html
2025-08-11 06:30:00,"Here's How Much a $50-Per-Week Investment in the Nasdaq-100 Could Grow to Be Worth in 10, 20, and 30 Years",https://finviz.com/news/134694/heres-how-much-a-50-per-week-investment-in-the-nasdaq-100-could-grow-to-be-worth-in-10-20-and-30-years
2025-08-10 09:45:00,"1 Tech ETF to Load Up On,  and 1 to Avoid Right Now",https://finviz.com/news/134539/1-tech-etf-to-load-up-on-and-1-to-avoid-right-now
2025-08-09 08:30:00,"The Best AI ETF to Invest $1,000 In Right Now",https://finviz.com/news/134320/the-best-ai-etf-to-invest-1000-in-right-now
2025-08-08 19:24:00,"Inflation Is Rising, Growth Is Slowing, Stocks Are Bubbly. What Could Go Wrong?",https://www.barrons.com/articles/more-inflation-less-growth-and-bubbly-stocks-trouble-ahead-a17b5f8e?mod=bar_FV
2025-08-08 17:00:00,QQQ Tops Daily ETF Inflows,https://finance.yahoo.com/m/dd55b848-34a2-37b5-a8d8-331e8ed534f3/qqq-tops-daily-etf-inflows.html
2025-08-08 13:50:00,QQQ And Friends Hit Highs: Tech ETFs Thrive Despite Trade Turbulence,https://finance.yahoo.com/news/qqq-friends-hit-highs-tech-175024111.html
2025-08-08 10:00:00,5 Stocks in QQQ ETF That Drove Nasdaq's Record Closing High,https://finviz.com/news/133798/5-stocks-in-qqq-etf-that-drove-nasdaqs-record-closing-high
2025-08-08 09:45:00,"Stock Market Today: Dow Rises, But Under Armour Plunges On This Warning (Live Coverage)",https://finance.yahoo.com/m/56ddb7c1-81cd-3128-a969-c9100dba4dc8/stock-market-today%3A-dow.html
2025-08-08 08:54:00,"Stock Market Today: Dow Jones Futures Rise, But Under Armour Plunges On This Warning (Live Coverage)",https://finance.yahoo.com/m/56ddb7c1-81cd-3128-a969-c9100dba4dc8/stock-market-today%3A-dow-jones.html
2025-08-08 06:35:00,3 Reasons Why Nasdaq ETFs Hit a Record High,https://finviz.com/news/133379/3-reasons-why-nasdaq-etfs-hit-a-record-high
2025-08-08 04:55:00,Should You Buy the Invesco QQQ ETF During the New Nasdaq Bull Market? History Offers a Clear Answer.,https://finviz.com/news/133259/should-you-buy-the-invesco-qqq-etf-during-the-new-nasdaq-bull-market-history-offers-a-clear-answer
2025-08-07 18:26:00,"TLombard Says Growth Soft Patch, Not Recession(EDIT)",https://finance.yahoo.com/news/tlombard-says-growth-soft-patch-222608976.html
2025-08-07 18:08:00,Jobs Revision May Signal Fed Rate Shift,https://finance.yahoo.com/news/jobs-revision-may-signal-fed-220820232.html
2025-08-07 09:41:00,"Stock Market Today: Dow Rises On Trump Tariff News; Apple, Nvidia Rally, Eli Lilly Plunges (Live Coverage)",https://finance.yahoo.com/m/3c8f0a87-8466-381e-9293-934464544f79/stock-market-today%3A-dow-rises.html
2025-08-07 09:07:00,"Stock Market Today: Dow Futures Rise On Trump Tariff News; Apple, Nvidia Rally, Eli Lilly Plunges (Live Coverage)",https://finance.yahoo.com/m/3c8f0a87-8466-381e-9293-934464544f79/stock-market-today%3A-dow.html
2025-08-07 08:19:00,Fed May Tweak Rates as Growth Cools,https://finance.yahoo.com/news/fed-may-tweak-rates-growth-121918579.html
2025-08-07 06:10:00,Fed's Mary Daly Signals Imminent Rate Cuts to Protect Employment,https://finance.yahoo.com/news/feds-mary-daly-signals-imminent-101028260.html
2025-08-06 14:54:00,Bank Of America Feels Economy May Grow 1% to 1.5% With No Recession,https://finance.yahoo.com/news/bank-america-feels-economy-may-185418428.html
2025-08-06 13:57:00,Crypto Oversight Gets Boost After Tough Negotiations,https://finance.yahoo.com/news/crypto-oversight-gets-boost-tough-175759284.html
2025-08-06 11:00:00,U.S. Equity ETF Demand Surged Last Week Despite Market Selloff,https://finviz.com/news/130207/us-equity-etf-demand-surged-last-week-despite-market-selloff
2025-08-06 09:42:00,Stock Market Today: Dow Falls As McDonald's Jumps; Nvidia Rival AMD Dives On Earnings (Live Coverage),https://finance.yahoo.com/m/d5abdae4-a696-32e3-94ea-5bb57a682f51/stock-market-today%3A-dow-falls.html
2025-08-06 08:43:00,Stock Market Today: Dow Futures Rise As McDonald's Jumps; Nvidia Rival AMD Dives On Earnings (Live Coverage),https://finance.yahoo.com/m/d5abdae4-a696-32e3-94ea-5bb57a682f51/stock-market-today%3A-dow.html
2025-08-06 03:15:00,"Riverside Resources and Questcorp Announce Commencement of Drilling at Union Project, Sonora, Mexico",https://finance.yahoo.com/news/riverside-resources-questcorp-announce-commencement-071500827.html
2025-08-06 03:15:00,Questcorp Mining and Riverside Resources Announce Commencement of Maiden Drilling Program at the La Union Gold & Silver Project in Mexico,https://finance.yahoo.com/news/questcorp-mining-riverside-resources-announce-071500866.html
2025-08-06 01:30:00,The Market Will Panic Again. Use These Options Strategies to Profit.,https://www.barrons.com/articles/market-panic-again-options-strategies-profit-aa64f6e2?mod=bar_FV
2025-08-05 20:58:00,Indian Rupee Weakens Amid 25% Tariff Warning,https://finance.yahoo.com/news/indian-rupee-weakens-amid-25-005807707.html
2025-08-05 10:30:00,"Stock Market Today: Dow Falls As Indexes Turn; American Eagle, Coinbase Slide (Live Coverage)",https://finance.yahoo.com/m/a6cd0595-4ead-3772-87bd-923065640513/stock-market-today%3A-dow-falls.html
2025-08-05 10:10:00,Tech ETFs at the Forefront of the Market Rebound on Monday,https://finviz.com/news/128384/tech-etfs-at-the-forefront-of-the-market-rebound-on-monday
2025-08-05 09:53:00,Fed Data Shake-Up Raises Policy Risks,https://finance.yahoo.com/news/fed-data-shake-raises-policy-220832087.html
2025-08-05 08:11:00,Stock Market Today: Dow Rises Ahead Of Key Data; Palantir Surges On Earnings (Live Coverage),https://finance.yahoo.com/m/a6cd0595-4ead-3772-87bd-923065640513/stock-market-today%3A-dow-rises.html
2025-08-05 06:28:00,ETF Asset Report of the Month of July,https://finviz.com/news/127724/etf-asset-report-of-the-month-of-july
2025-08-05 06:00:00,Should You Ignore Soft Jobs Data & Bet On Wall Street ETFs?,https://finviz.com/news/127615/should-you-ignore-soft-jobs-data-bet-on-wall-street-etfs
2025-08-04 16:16:00,LINK Rebounds 4% as Chainlink Roll Outs Data Streams for U.S. Equities and ETFs,https://finance.yahoo.com/m/efdb932a-ed26-33d4-baf3-338222328490/link-rebounds-4%25-as-chainlink.html
2025-08-04 09:41:00,Stock Market Today: Dow Bounces After Market Sell-Off; Tesla Rallies On Musk Pay Package (Live Coverage),https://finance.yahoo.com/m/510a66c2-a7a2-3f6a-a050-85ddce9c69e8/stock-market-today%3A-dow.html
2025-08-04 08:00:00,Chainlink Launches Data Streams for U.S. Equities and ETFs To Power Secure Tokenized RWA Markets Onchain,https://finance.yahoo.com/news/chainlink-launches-data-streams-u-120000020.html
2025-08-04 06:59:00,Canada Tariff Spike Adds New Trade Risk,https://finance.yahoo.com/news/canada-tariff-spike-adds-trade-105922879.html
2025-08-04 06:00:00,Top-Performing ETF Areas of July,https://finviz.com/news/125949/top-performing-etf-areas-of-july
2025-08-03 21:03:00,Is Investing in the Nasdaq-100 a No-Brainer Move?,https://finviz.com/news/125671/is-investing-in-the-nasdaq-100-a-no-brainer-move
2025-08-02 03:45:00,"Billionaires Are Buying a Popular AI Index Fund That Could Turn $500 Per Month Into $432,300",https://finviz.com/news/125363/billionaires-are-buying-a-popular-ai-index-fund-that-could-turn-500-per-month-into-432300
2025-08-01 16:11:00,"Tariffs Pump Cash, Reshoring Pitch Splits Opinion",https://finance.yahoo.com/news/tariffs-pump-cash-reshoring-pitch-201142181.html
2025-08-01 14:30:00,ETF comparison: SPDR S&P 500 vs. Invesco QQQ,https://finance.yahoo.com/video/etf-comparison-spdr-p-500-183000508.html
2025-08-01 09:38:00,"Stock Market Today: Dow Tumbles On New Trump Tariffs, Weak Jobs Report; Amazon, Nvidia Sell Off (Live Coverage)",https://finance.yahoo.com/m/30cb3d38-e2a4-3a91-beb1-db4d1cc801b9/stock-market-today%3A-dow.html
2025-08-01 08:12:00,"Stock Market Today: Dow Falls On New Trump Tariffs, Jobs Report Next; Amazon Plunges On Earnings (Live Coverage)",https://finance.yahoo.com/m/30cb3d38-e2a4-3a91-beb1-db4d1cc801b9/stock-market-today%3A-dow-falls.html
2025-08-01 06:30:00,Monster AI Earnings & Economic Resilience to Power Up Growth ETFs,https://finviz.com/news/124307/monster-ai-earnings-economic-resilience-to-power-up-growth-etfs
2025-08-01 05:30:00,"VOO Slips, TLT Rises as July Jobs Report Disappoints",https://finance.yahoo.com/m/17283a54-cfae-3aac-b4c2-aa9b3b3d91e7/voo-slips%2C-tlt-rises-as-july.html
2025-07-31 18:00:00,SPYD Attracts $759M in Assets as Fed Keeps Rates Unchanged,https://finance.yahoo.com/m/5d0ee292-0aff-353c-accc-810b1df8b335/spyd-attracts-%24759m-in-assets.html
2025-07-31 16:31:00,September Rate Cut Odds Collapse After Powell Pushback,https://finance.yahoo.com/news/september-rate-cut-odds-collapse-203136189.html
2025-07-31 15:52:00,Inflation Surprise Pushes Rate Cut Odds Down,https://finance.yahoo.com/news/inflation-surprise-pushes-rate-cut-195221336.html
2025-07-31 09:42:00,Stock Market Today: Dow Rises On China Trade Deal Hopes; Nvidia Partner Arm Plunges On Earnings (Live Coverage),https://finance.yahoo.com/m/f299dfb8-d79a-3b50-8a64-1110b94c69b2/stock-market-today%3A-dow-rises.html
2025-07-31 09:17:00,"Stock Market Today: Dow On China Trade Deal Hopes; Meta, Microsoft Surge On Earnings (Live Coverage)",https://finance.yahoo.com/m/f299dfb8-d79a-3b50-8a64-1110b94c69b2/stock-market-today%3A-dow-on.html
2025-07-31 08:35:00,4 Reasons to Buy Invesco QQQ Trust Like There's No Tomorrow,https://finviz.com/news/122501/4-reasons-to-buy-invesco-qqq-trust-like-theres-no-tomorrow
2025-07-31 05:15:00,"5 Index ETFs to Buy With $1,000 and Hold Forever",https://finviz.com/news/122219/5-index-etfs-to-buy-with-1000-and-hold-forever
2025-07-31 04:05:00,"1 No-Brainer Technology Vanguard ETF to Buy Right Now for Less Than $1,000",https://finviz.com/news/122197/1-no-brainer-technology-vanguard-etf-to-buy-right-now-for-less-than-1000
2025-07-30 09:44:00,"Stock Market Today: Dow Wavers Ahead Of Fed Decision, Powell; Nvidia Rallies On Price-Target Hike (Live Coverage)",https://finance.yahoo.com/m/f3dd75af-bf1e-34af-a8c5-3184c6737a8a/stock-market-today%3A-dow.html
2025-07-30 08:37:00,"Stock Market Today: Dow Rises Ahead Of Fed Decision, Powell; Nvidia Gains On Price-Target Hike (Live Coverage)",https://finance.yahoo.com/m/f3dd75af-bf1e-34af-a8c5-3184c6737a8a/stock-market-today%3A-dow-rises.html
2025-07-30 07:03:00,These ETFs will give you high income - but you need to learn about their strategies first,https://www.marketwatch.com/story/these-etfs-will-give-you-high-income-but-you-need-to-learn-about-their-strategies-first-03b28066?mod=mw_FV
2025-07-29 10:15:00,"Stock Market Today: Dow Slips Amid Fed Meeting; Broadcom, Nvidia Rally To New Highs (Live Coverage)",https://finance.yahoo.com/m/e3bee63a-ef41-31e3-af18-f582644f78ec/stock-market-today%3A-dow-slips.html
2025-07-29 09:48:00,"Stock Market Today: Dow Rises Amid Fed Meeting; Broadcom, Nvidia Rally To New Highs (Live Coverage)",https://finance.yahoo.com/m/e3bee63a-ef41-31e3-af18-f582644f78ec/stock-market-today%3A-dow-rises.html
2025-07-29 09:42:00,The Trump Tariff Playbook: Why the Bears Got it Wrong,https://finviz.com/news/119068/the-trump-tariff-playbook-why-the-bears-got-it-wrong
2025-07-28 15:21:00,AI Could Be U.S. Debt's Silver Bullet,https://finance.yahoo.com/news/ai-could-u-debts-silver-192100471.html
2025-07-28 15:06:00,Dow Eyes Record High After EU Deal,https://finance.yahoo.com/news/dow-eyes-record-high-eu-190626081.html
2025-07-28 11:25:00,"Why Is the Dow Lagging? The Market Is Buying Risk, and Not Much Else.",https://finance.yahoo.com/m/4c5b60cd-7916-3d8f-aa1f-b63c49a24ca8/why-is-the-dow-lagging%3F-the.html
2025-07-28 10:00:00,Food Network New York City Wine & Food Festival Presented by Invesco QQQ Unveils Star-Packed 2025 Lineup for October 1519 Festival,https://finance.yahoo.com/news/food-network-york-city-wine-140000384.html
2025-07-28 09:47:00,Stock Market Today: Dow Dips Amid Trump Trade News; Nvidia Hits New High (Live Coverage),https://finance.yahoo.com/m/ee650556-9670-39e6-b87c-a14a654105ca/stock-market-today%3A-dow-dips.html
2025-07-28 09:00:00,Stock Market Today: Dow Rises On Trump Trade News; Tesla Rallies On Chip Deal (Live Coverage),https://finance.yahoo.com/m/ee650556-9670-39e6-b87c-a14a654105ca/stock-market-today%3A-dow-rises.html
2025-07-28 08:28:00,Trump Signals China Deal Could Be Close,https://finance.yahoo.com/news/trump-signals-china-deal-could-122820997.html
2025-07-27 07:37:00,"Federal Reserve meeting, July jobs report, and Big Tech earnings: What to watch this week",https://finance.yahoo.com/news/federal-reserve-meeting-july-jobs-report-and-big-tech-earnings-what-to-watch-this-week-113756523.html
2025-07-25 15:00:00,"CHICAGO GOURMET 2025 POWERED BY INVESCO QQQ: PREMIER CULINARY FEST, TICKETS ON SALE JULY 25",https://finance.yahoo.com/news/chicago-gourmet-2025-powered-invesco-190000927.html
2025-07-25 09:46:00,Stock Market Today: Dow Extends Gains After Surprise Economic Data; Tesla Climbs Amid New Robotaxi Launch (Live Coverage),https://finance.yahoo.com/m/d7c02a66-936a-32e1-b631-65fbc838c25d/stock-market-today%3A-dow.html
2025-07-25 09:06:00,Stock Market Today: Dow Rises After Surprise Economic Data; Tesla Climbs Amid New Robotaxi Launch (Live Coverage),https://finance.yahoo.com/m/d7c02a66-936a-32e1-b631-65fbc838c25d/stock-market-today%3A-dow-rises.html
2025-07-25 05:28:00,Powell Under Fire As Housing Slows,https://finance.yahoo.com/news/powell-under-fire-housing-slows-092831924.html
2025-07-24 09:36:00,Stock Market Today: Dow Falls On Surprise Jobless Claims; UnitedHealth Tumbles On DOJ Probe (Live Coverage),https://finance.yahoo.com/m/53e2a3df-efc5-3990-bfb7-643a19033fc0/stock-market-today%3A-dow-falls.html
2025-07-24 08:31:00,Microsoft's AI Bet Faces a Major Test This Earnings Season,https://finviz.com/news/113677/microsofts-ai-bet-faces-a-major-test-this-earnings-season
2025-07-24 06:20:00,Should Vanguard Growth ETF (VUG) Be on Your Investing Radar?,https://finviz.com/news/113501/should-vanguard-growth-etf-vug-be-on-your-investing-radar
2025-07-24 06:20:00,Should iShares Russell 1000 Growth ETF (IWF) Be on Your Investing Radar?,https://finviz.com/news/113502/should-ishares-russell-1000-growth-etf-iwf-be-on-your-investing-radar
2025-07-24 06:20:00,Why Global ETFs Could Surge Amid U.S.-Japan Trade Deal,https://finviz.com/news/113516/why-global-etfs-could-surge-amid-us-japan-trade-deal
2025-07-24 06:07:00,Carrots Over Controls: Trump's Bold Push for AI Dominance,https://finance.yahoo.com/m/e6f7aeba-d67c-3044-81cd-9e65190fb466/carrots-over-controls%3A.html
2025-07-24 06:00:00,Wall Street Rallies on Trade Optimism: Growth ETFs to Buy,https://finviz.com/news/113460/wall-street-rallies-on-trade-optimism-growth-etfs-to-buy
2025-07-24 05:55:00,Banks Jump into AI Earlier Than Expected,https://finance.yahoo.com/news/banks-jump-ai-earlier-expected-095559348.html
2025-07-23 10:19:00,Invescos QQQ Gambit Seen Unlocking $150 Million in Revenue,https://finance.yahoo.com/news/invesco-qqq-gambit-seen-unlocking-141902154.html
2025-07-23 10:03:00,From SpaceX to xAI: How ETFs Are Packaging Private Assets,https://finviz.com/news/112459/from-spacex-to-xai-how-etfs-are-packaging-private-assets
2025-07-23 10:00:00,Will Nasdaq ETFs Continue Their Rally Going Into Q2 Earnings?,https://finviz.com/news/112436/will-nasdaq-etfs-continue-their-rally-going-into-q2-earnings
2025-07-23 09:40:00,Stock Market Today: Dow Rises 250 Points On Trump Trade Deal; Nvidia Rallies (Live Coverage),https://finance.yahoo.com/m/eef0dbbd-0af7-3d46-82a5-ec3c6b79aa05/stock-market-today%3A-dow-rises.html
2025-07-23 09:11:00,Stock Market Today: Dow Rallies 200 Points On Trump Trade Deal; Nvidia Rallies (Live Coverage),https://finance.yahoo.com/m/eef0dbbd-0af7-3d46-82a5-ec3c6b79aa05/stock-market-today%3A-dow.html
2025-07-23 06:20:00,Should Direxion NASDAQ-100 Equal Weighted Index Shares (QQQE) Be on Your Investing Radar?,https://finviz.com/news/111803/should-direxion-nasdaq-100-equal-weighted-index-shares-qqqe-be-on-your-investing-radar
2025-07-22 18:23:00,Bessent Says Powell Should Finish Term,https://finance.yahoo.com/news/bessent-says-powell-finish-term-222313232.html
2025-07-22 14:52:00,Retail traders just can't quit risky zero-day options as trading volume booms,https://www.marketwatch.com/story/retail-traders-just-cant-quit-risky-zero-day-options-as-trading-volume-booms-68115414?mod=mw_FV
2025-07-22 10:47:00,"Stock Market Today: Dow Struggles, Nasdaq Drops From New High; Medical Services Name Surges On Earnings (Live Coverage)",https://finance.yahoo.com/m/f439be40-8a99-3b45-9d8f-a56b4813189e/stock-market-today%3A-dow.html
2025-07-22 09:48:00,Stock Market Today: Dow Jones Index Rises As Lockheed Plunges On Earnings (Live Coverage),https://finance.yahoo.com/m/f439be40-8a99-3b45-9d8f-a56b4813189e/stock-market-today%3A-dow-jones.html
2025-07-22 09:44:00,Watch These QQQ Price Levels as Nasdaq 100 ETF at Record High Ahead of Big Tech Earnings,https://finance.yahoo.com/m/4487ae9f-6bcd-3898-8a20-8d7f56a18ddf/watch-these-qqq-price-levels.html
2025-07-22 09:03:00,"Stock Market Today: Dow Dips, S&P Ekes Out Gain; Lockheed Plunges On Earnings (Live Coverage)",https://finance.yahoo.com/m/f439be40-8a99-3b45-9d8f-a56b4813189e/stock-market-today%3A-dow-dips%2C.html
2025-07-22 07:59:00,Stock Market Today: Dow Falls Ahead Of Powell Speech; Lockheed Plunges On Earnings (Live Coverage),https://finance.yahoo.com/m/f439be40-8a99-3b45-9d8f-a56b4813189e/stock-market-today%3A-dow-falls.html
