symbol,date,analysis
PLTR,2025-08-15,"## Sentiment Analysis of Palaंतिr News (August 8th - August 12th, 2025)

**Overall Trend:** The sentiment surrounding Palaंतिr stock has been overwhelmingly positive throughout the past week, with a noticeable surge in positive news and analysis this week. While some cautionary notes exist, the dominant narrative points towards strong growth potential and positive market reception.

**Key Positive Developments:**

* **Stock Price Surge:** Palaंतिr's stock has experienced significant gains, including a 2,500% run reported on August 10th and a 21.2% increase this week (August 8th-12th). This surge is attributed to positive market sentiment towards AI and strong earnings expectations.
* **Analyst Support:** Multiple analysts have issued positive commentary on Palaंतिr, including UBS's pick as a winner in the Palaंतिr vs. AMD AI showdown (August 11th) and a $10 billion reason to buy the stock (August 9th). Jim Cramer also described the CEO as a ""sweetheart"" (August 9th).
* **Market Optimism:** The broader market optimism surrounding AI and potential rate cuts is fueling the positive sentiment towards Palaंतिr.
* **Strong Earnings & Future Projections:** The CEO's projection of 10x revenue in a ""crazy efficient revolution"" has resonated with investors.
* **Increased Media Attention:** Palaंतिr has received significant media attention, including mentions in articles about Marjorie Taylor Greene's investment and the stock's performance compared to other companies.

**Key Risks/Negative Factors:**

* **Valuation Concerns:** Some analysts are expressing concerns about Palaंतिr's valuation, with one article questioning whether the stock's momentum is sustainable.
* **Potential for Correction:**  A cautionary note suggests that the stock market pullbacks could be short-lived, implying a potential for volatility.
* **Analyst Selling Recommendations:** Some analysts are recommending selling Palaंतिr stock due to potential price drops.
* **Inflation and Growth Slowdown:** Broader economic concerns about rising inflation and slowing growth are mentioned as potential risks.

**Sentiment Outlook for Today (August 12th, 2025):**

Based on the overwhelmingly positive sentiment throughout the week, the outlook for Palaंतिr today is **positive**.

PLTR,2025-08-12,78.33,13.33,8.33,positive"
